Nursing Home Noordhinder,0
Voorbereidende grondwerken,8
Grondwaterverlaging,12
Verbindingsgang 1,20
Verbindingsgang 2,29
Aanleggen septische putten,36
Plaatsen waterputten,41
Infiltratiebekken fase 1,44
Infiltratiebekken fase 2,49
Beton voor kunststofputten,52
Plaatsen kunststofputten,57
Plaatsen rooster- en afvoergoot,63
Plaatsen putfundering fase 1,88
Plaatsen putfundering fase 2,89
Plaatsen zolen beton,90
Mager beton,91
Plaatsen funderingsbalken,92
Betonplaat op grond fase 1,93
Betonplaat op grond fase 2,106
Betonplaat op grond fase 3,107
Betonplaat op grond voor pompput,108
Keermuren,134
Grondkerende betonwanden,135
Prefab grondkerende kelderwand,136
Grondkerende kelderwand,137
Prefab liftputten,138
Welfsels,170
Druklagen,171
Betonbalken,172
Betonwanden,173
Opgaand metselwerk,175
Betonplaten,176
"Plinten, dorpels en dekstenen",186
Social Housing Kortrijk,0
Goedkope Woning Kortrijk,1
BlokA,5
Ruwbouw,1
Funderingswerken,6
Niveau gelijkvloers,83
Beton en opgaand metselwerk,84
Niveau +1,95
Niveau +2,107
Niveau +3,119
Niveau +4,61
Blok B,75
Family Day,0
Railway Station Sint-Joost,0
Telecom System Agnes,0
Veterinary Exposition,0
Planning phase,1
Registration brochure phase,12
Contracting companies phase,19
Exhibition catalogue phase,26
Preparation phase,42
Trade fair phase,67
Follow-up phase,83
Patient Transport System,0
Description of staff's needs & Set-up,50
Meeting ICT Committee,51
Set-up format specifications,52
Request proposal suppliers transport system,53
Decision supplier,54
Negociation conditions final supplier transport system,55
Draw up & Sign contract with supplier transport system,56
Request proposal supplier DACS,57
Negociation conditions DACS,58
Draw up & Sign contract with supplier DACS,59
Kick-off Meeting,60
Installation,61
Training PC,62
Creation code list,63
Fill the database,64
Training staff,65
Final check program,66
Live,67
Evaluation,68
Sports Center Tielt,0
Commercial IT Project ,0
Building a House,0
Eating Belgium,0
LOCATION,27
FINDING & CONTACTING CHEFS,28
SECURITY & SAFETY,30
MUSIC,31
FACILITIES & DECORATIONS,29
SPONSORING,26
MARKETING,25
Claeys-Verhelst Premises,0
preparation,46
temporary offices,4
temporary facilities,5
foundation,47
shell,48
wind and water proof,50
warehouse,62
construction leave,66
level 1,63
level 2,64
completion,65
Wind Farm,1
Vergunningen,2
Milieuvergunning,30
Bouwvergunning,15
studies,6
sonderingen,5
Aansluitingen,394
uitvoeringsplan,15
preconstruction,19
Foundations,23
Piling,25
Concrete works foundations,33
Setting of concrete,41
Windturbines,49
Tower,50
WEC 1,51
WEC 2,57
WEC 3,63
WEC 4,69
WEC 5,75
WEC 6,81
WEC 7,87
Erection machines,93
Grid,101
Energizing,109
Commissioning,117
Trail period 300h,125
300h Maintenace service,133
Take over,141
Electrical works,149
Electricity distributor,161
Gridconnection,160
Hotel Reylof,0
ALGEMENE VOORBEREIDING,1
HOTEL ZIJDE HOOGSTRAAT (A1 + A2),4
GEBOUW A1,5
VOORBEREIDENDE WERKEN,5
Leegmaken ruimtes,7
Kelders,8
2e bouwlaag,219
Afbraak,12
INSTALLATIEWERKEN,339
Structurele werken,340
Doorgang naar gebouw A2,18
Installatie lift,204
Lift A1,20
Renovatiewerken,349
Renovatie buitenschrijnwerk (incl schilderen en vernis),22
Technieken (ingebouwd + functioneel),27
Electriciteit,353
Kelder,211
"TV,Data en Intercom",137
HVAC,147
Riolering en sanitair,374
Elektriciteit,158
Gas,396
Data,397
Riolering,398
Afwerking,286
Binnenschrijnwerk,42
Gyproc wanden,413
Valse plafonds,427
2e bouwlaag: Kamers A1-A5,56
Houten trappen,57
Kamers A1/A4,58
Binnendeuren + badkamermeubel,59
Gordijnkasten,421
Venstertabletten,401
Bepleisteringen,65
Herstelling conferentieruimtes,66
Vloerwerken,445
Houten vloeren,204
Keramische vloeren,72
Kamerbreed tapijt,464
Entreporten,76
Faience,242
Kamers A1-A5,80
Schilderwerken,61
Binnenschilderwerken,471
Buitenschilderwerken,86
Opkuis voor oplevering,484
INRICHTINGSWERKEN,499
Gelijkvloerse verdieping,94
Inkomhal,95
Lobby,96
Kantoor,104
Conferentiezaal,98
Valiesruimte,99
Doorgang wellness,100
1e Bouwlaag,101
Overloop,102
Conferentieruimtes,103
2e Bouwlaag,105
Kamers (A1-A4-A5),106
Connection rooms (A2-A3),107
GEBOUW A2,108
Afbraakwerken,110
Gelijkvloerse bouwlaag (zone resto ),114
2 liften A2,117
Ruwbouwopeningen nieuwe ramen,120
Ruwbouwopeningen nieuwe doorgangen,122
Installatie liften,127
Technieken voorbereiding,130
Brandbestrijding,381
Technieken afwerking,160
"Electriciteit, TV, data Intercom, brandbestrijding",161
Voozetramen,186
Valse plafonds (badkamer + kamers + gangen),198
Binnendeuren + badkamermeubels,206
Vloeren en wanden,216
Versterking ribbenvloer,217
Gewapende vloerplaat,220
Chappe,446
Keramische vloeren + dorpels,231
Afwerking betontrappen,237
Kamerparket,245
1e bouwlaag kamers A101-A120,246
2e bouwlaag kamers A201-A215,247
Deuren alle verdiepingen,254
TUINAANLEG,263
GEVELWERKEN - DAKWERKEN,267
Gevelwerken,268
Tuinzijde achtergevel,290
Tuinzijde natuursteengevel,279
Hoogstraat-Peperstraat,284
Dakwerken,52
Hoogstraat voorgevel,298
Platte daken A2,305
Isoleren,306
Roofing,307
Binnendaken A1,308
None Group activity0,312
None Group activity1,320
None Group activity2,327
None Group activity3,329
OPLEVERING-RONDE A1 en A2,331
Oplevering gevel en dakwerken tuinzijde,336
Oplevering gevel Hoogstraat + dakwerken,337
HOTEL ZIJDE PEPERSTRAAT (B1),338
Gevelbekleding,342
Dakbedekking,4
Renovatie gevel (gevel peperstraat),351
Technieken,55
"TV, Data en Intercom",360
CONTROLE leidingen in de chappe/wand,388
Bepleistering,407
Bekleding met gipskarton,419
Binnendeuren,433
Schilderen binnendeuren,439
Keramische vloeren + wanden,452
Afwerken betontrappen,458
Schilderen buitenschrijnwerk,477
REINIGINGSWERKEN,483
OPLEVERING,491
OPLEVERING-RONDE B1,492
Kamers,500
Manufacturing Tool Cost Module,1
Kick-Off,2
Project spec's,7
dBase creation / SetUp,14
Maintenance cost,15
Improvement cost,19
COPQ linked,24
Operational losses linked,29
dBase functionality / Calculation model -  implementation,33
Evaluation - Update,37
Nut Mixing Station,0
Constructie gebouw,5
Herassen + vergaderkeet,6
Grondwerk,162
aansluiten in bestaande put,13
Montage,9
Vloeren,18
Dak,30
Staalstructuur,35
Technische voorzieningen,41
Plaatsing wegneembare wand,45
Nut mixing station,50
Day Care,0
Werfinrichting,2
Asti-Cuneo Highway,0
Installation of fixed yard,10
Zone B working,16
Minor works,81
Culverts box,13
Ground movement,54
Trench,18
Hydraulic works,57
Overpass construction,37
Zone A working,96
Subway construction,71
Zone D working,84
Hillside (mezzacosta) works,53
Zone E working,50
Zone C working,60
Completation works,90
Fixed yard removal,95
Tappan Zee Bridge,0
Youth Hostel Merkenveld,0
Solar Park,0
Photovoltaische installatie,1
Studie fase,3
Opvolging netstudie,6
SPV,8
Inhoud bekijken,16
Aftoetsen bij gemeente,17
Kadasterplan opvragen,21
Bouwaanvraagdossier,22
plan tekenen,23
documentatie verzamelen,24
Definitieve gegevens ingeven,25
Milestone: Goedkeuring bouwvergunning,29
Voorbereiden infovergadering milieuvergunning,35
Infovergadering milieuvergunning,36
Detailengineering,37
Netstudie opvolgen,38
beslissingsvergadering plannen,39
E-schema doorsturen,42
ATEX (veiligheid en explosie),43
Stabiliteitsstudie,48
voorbereiding afspraak,50
verantwoordelijkheidsbepaling,56
Fundering,57
controle gegevens studiebureau,60
Montagesysteem,121
vooronderzoek montagesysteem,62
Niveleren,122
Grondwerken,65
extra ophoging van de weg,71
Beton,9
bepalen fundering,76
AC,79
omvormers bepalen,80
omvormer Merk selecteren,83
omvormer Type kiezen,84
"HS cabines (topcabine, onderstations)",85
"Cabines type, grootte, etc",86
"Transfo's: type, grootte, etc",87
Bekabeling bepalen,88
type kabel,90
HS-Kopcabine,93
overleg cofely technisch / financieel,94
Overkopen cabine,95
Aanpassingen electriciteitsdistributeur,96
Telecontrolekast,97
Anti retoer WKK,98
DC,130
type connector afh panelen,100
string controllers,131
kabelsecties,102
kabeltraject,103
Werfuitrusting,134
controle stabiliteit transport,105
werfinrichting,1
bewaking,109
Installateur,110
Logistiek: transport / hijswerken,111
"Organisatie (Werfleider, …)",112
Bestelplanning,116
Start onderhandelfase,117
Beslissingsfase,118
Bestelfase,119
Zonnepanelen,120
grondwerken + fundering,123
grondwerken baan koffer,124
omvormers,125
"HS cabine (topcabine, onderstations)",126
eertse cabine (overname),127
Step up Transfo's,128
Bekabeling AC,129
Bekabeling DC,132
connector,133
Onderaannemer,135
Logistiek,136
Uitvoeringsfase,138
Voorbereiding terrein,139
PV installatie MS,144
grondwerken,1
plaatsen MS kabel,146
plaatsen glasvezel kabel,147
afwerken grondwerken,148
Groep 1,149
Lossen materialen tafels,173
Lossen kleine materialen,172
Groep 2,156
Groep 3,163
Groep 4,170
PV installatie DC: SB tot omvormers,177
DC bekabeling,179
PV Installatie AC,180
Opbouw cabine,181
Plaatsen betonsokkel + aarding,182
Plaatsing omvormerstations,183
Plaatsing meetstation,184
Injectiecontract,188
Afspraak GST plaatsen electriciteitsdistributeur,191
Ombouw MS cabine,192
Vervangen cellen MS station,193
Inbedrijfname,194
Keuring AREI,196
Herkeuring,197
Monitoring,202
Modules plaatsen in SB + HEBS kast,203
Sensoren plaatsen,204
Punch List,205
Deur omvormercabine klemt,206
Krimpkous plaatsen + PE buis correct zetten,207
Extra,208
Veld 3,209
Veld 4,210
Serienummers in XLS,211
Vervangen ventilatoren,212
As Built voor de klant,213
Groenonderhoud,214
Energy software,215
Nummering Inverters,216
Sea Electricity,0
Pin-piles,20
Seabed preparations,10
Pile driving works,15
Dredging and cleaning of the pin-piles (Pompei),19
OTS,165
Turbines,166
Jacket foundations of wind turbines,45
Fabrication and assemblage of steel structure for jacket foundations,35
Transportation and installation of the jacket foundations,44
Wind turbines,74
Purchasing parts of wind turbines,62
Purchasing and production of parts of wind turbines,54
Transportation of parts from respective factories to Ostend,55
Assembly of wind turbines on site in Ostend,61
Installation wind turbines,73
Offshore Transformer Station,98
Construction of jacket foundation of OTS,80
Installation of jacket foundation of OTS,83
Steelstructure of Offshore OTS,93
Transport and installation,97
Infield cables (33 kV),125
Preparatory works for infield cable laying,103
"Infield cables: production, transport and installation",124
Export cables (150 kV),161
Production and transport of export cable,132
Dredging shipping lane and preparing trench,135
Directional drillings and 150kV cable laying onshore,142
Export cable was laid down,155
Protection of internal communication cables and gas pipes,160
Digipolis Talent Management Suite,0
Digipolis TMS (comp proj),1
"WP1 - Sched, Cal, Takes, Entitlements, Accum, Pos Time",2
WP1_Extension,3
WP1_E-TL-03_Extension TL - Compensatory TimeOff Plans,4
WP1_E-TL-06_Extension - TL - Handling Recovery Time,14
WP1_E-TL-09_Extension - TL - Manage Schedules,19
"WP1_E-TL-14, E-TL-08_Extension - TL - Recovery Type Indicator/Extension - TL - Inconvenient Hours Eligibility",25
WP1_E-TL-17_Extension - TL - Warning for Shifts,34
WP1_E-AM-05_Extension - AM - Klein Verlet,39
WP1_Extended_Config,44
WP1_EC-AM-04_Ext Config - AM - Educational Leave,45
WP1_EC-AM-09_Ext Config - AM - Leave Without Pay,50
WP1_EC-AM-19_Ext Config - AM - Unemployment/Retirement,55
WP1_EC-AM-14_Ext Config - AM - Strike,60
WP1_EC-TL-04_Ext Config - TL - Rules,65
WP1_EC-TL-04_Ext Config - TL - Rules - CHR00046,82
WP1_EC-AM-05_Ext Config - AM - Klein Verlet,86
WP1_Extended_Config_ONSHORE,91
WP1_EC-AM-13_Ext Config - AM - Retirement Preparation,92
WP1_EC-AM-16_Ext Config - AM - Thematic Leaves,96
WP1_EC-AM-07_Ext Config - AM - Late/No Show,100
WP1_EC-AM-12_Ext Config - AM - Pregnancy Leave,104
WP1_EC-AM-17_Ext Config - AM - Time Credit,108
WP1_EC-AM-01_Ext Config - AM - Annual Leave - CHR00007,112
WP1_EC-AM-01_Ext Config - AM - Annual Leave,116
WP1_UPDATE SS & Forecasting: Ext Config - AM - Klein Verlet,120
WP1_UPDATE SS & Forecasting: Ext Config - AM - Leave Without Pay,121
WP1_UPDATE SS & Forecasting: Ext Config - AM - Educational Leave,122
"WP2 - ESS, MSS, Approvals, Forecasting",123
WP2_Extension,124
WP2_E-TL-04_Extension - TL - Daily Hours Limit Warning,125
WP2_E-TL-15_Extension - TL - Shifts in Work Schedule,130
WP2_E-TL-05_Extension - TL - ESS,135
WP2_E-AM-03_Extension - AM - ESS,140
WP2_E-AM-06_Extension - AM - MSS,152
WP2_E-AM-06_Extension - AM - MSS - CHR00032,158
WP2_E-TL-11_Extension - TL - Overtime Prerequests,163
WP2_E-TL-12_Extension - TL - Overtime Reporting,168
WP2_E-AM-04_Extension - AM - Forecasting,173
WP2_Report,178
WP2_R-TL-03_Report - TL - Pending Approvals Request,179
WP2_Workflow,184
"WP2_W-AM-01,EC-AM-02_Workflow - AM - Approval Ext Config - AM - Approval",185
WP2_W-TL-01_Workflow - TL - Approval Process Error Notification,193
WP2_Extended Config_ONSHORE,198
WP2_EC-AM-03 - Ext Config - AM - Collisions,199
WP3 - Annual Leave Processing & BackOffice,203
WP3_Extension,204
WP3_E-AM-01_ Extension - AM - Annual Leave Processing,205
WP3_E-AM-02_Extension - AM - Back Office,210
"WP3_E-AM-02_Extension - AM - Back Office - CHR00002, CHR00033",215
WP3_E-AM-08_Extension - AM - Work Schedule Overview,220
WP3_Interface,226
WP3_I-AM-01_­Interface - AM - Excel2CI,227
WP4 - Annual & Monthly Processes,232
WP4_Extension,233
"WP4_­E-TL-18_Extension - TL - Yearly Processes CHR00041, CHR00042, CHR00043",234
"WP5 - TSM, Planning Tool",239
WP5_Extension,240
WP5_E-TL-13_Extension - TL - Planning Tool,241
WP5 - Extended Config - ONSHORE,247
WP5_EC-AM-10_Ext Config - AM - Medical Leave,248
WP5_EC-AM-11_Ext Config - AM - Part Time - CHR00028,252
WP5_EC-AM-11_Ext Config - AM - Part Time,256
WP5_EC-AM-18_Ext Config - AM - TSM,260
"WP6 - Integration, Security, Reporting",264
WP6_Extension,265
WP6_E-AM-09_Extension - BO Reporting AE for AM,266
WP6_E-TL-02_Extension - TL - Automated TL Enrollment,271
WP6_E-TL-16_Extension - TL - Timesheet prepopulation,282
WP6_E-AM-07_Extension - AM - Recovery Flex Time,287
WP7 - Interfaces,292
WP7_I-AM-02_Interface - AM - PS to PGP (Page/Navigation) - 10%,293
WP7_I-AM-02_Interface - AM - PS to PGP (App Engine) - 40%,298
WP8 - Conversions,310
WP8_Build,311
WP8_C-TL-01_Conversion - Schift/Schedules,312
WP8_C-TL-02_Conversion - Employee Paygroup Assignment,317
WP8_C-TL-03_Conversion - Absence History,322
WP8_C-TL-04_Conversion - Absence Balance,327
WP8_C-TL-05_Conversion - Accumulators,333
WP8_C-TL-06_Conversion - Employee T&L Enrollment,338
WP8_C-TL-07_Conversion - Compensatory Time Off Plan Enrollment,343
PS_WP8_C-TL-07_TD,344
WP8_C-TL-08_Conversion - Work Schedule Assignment,345
WP8_C-TL-09_Conversion - Reported Overtime History,350
WP8_C-TL-10_Conversion - Compensatory Time Off Plan Balance,355
TL MSS Security - CHR00026,360
Gabala Resort Outdoor Pool,0
MIVB SeSaMe,0
Installation and wiring,22
Gate Installation,9
Door Installation,12
ICT installation,15
Other installations,21
"Configuration, setup and testing",26
Security control and commissioning,30
Railway Station Ghent,0
Grondwerken en infrastructuur,14
Zone 2: As 84-88,26
Zone 3: As 84-79,30
Zone 4: As 79-74,34
Superstructuur station,17
Pumping Station Jabbeke,0
Sluiskil Tunnel,0
Preparation - relocation of cables,50
Design Tunnel,51
Design Tunnel related electric installations,52
Construction Tunnel Entrance Driveways,53
Construction Tunnel roads,54
Drilling and constructing the tunnel pipes,55
Construction of roads,56
Testing the tunnel and electric installations,57
The Master Project,0
X Course strategic management,16
A Course Marketing communications,2
E Course B2B,6
E Course CRM,122
X Course Projectmanagement,11
A Course research methods,39
S Course FEC,129
A Course Marketing Communications,118
S Course B2B,58
A Course Research methods,19
E Exam CRM,138
A Course Research Methods,134
E+S Course systeemdynamica,31
E Course Service Management,110
X Course Strategisch management,38
X Course Project Management,105
E Group Work Service Management,50
X Course Strategic Management,117
E+S Course Systeemdynamica,135
E Exam SAS,103
Metal Extraction,0
Building a Dream,0
Wiedauwkaai Fenders,0
Contractuele uitvoeringstermijn,1
Totaal Project,2
"Staketsel, dukdalven, scheepvaartseinen",5
Stalen onderbouw en azobé: prefab,6
Gestuurde boring,26
Kabelwerken,30
Dukdalven,32
Stabilisatie landhoofd,36
Buitendienststellingsweekend 1,43
Buitendienststellingsweekend 2,44
Buitendienststellingsweekend 3,45
Sewage Plant Hove,0
RWZI-HOVE,1
P1-P2-P3,2
werfinstallatie,3
installatie werfketen,4
afbraak slibverwerkingsgebouw,6
opbreken gedeelte terrein riolering,7
effluentmeting en lozingskonstruktie (deelwerk 2),13
betonwerken,137
"looproosters, deksels, ladder,..",25
werken EM (lotII),129
nabezinktank 3 en recirkulatiepompstation (deelwerk 3),31
looproosters en leuningen,49
werken EM (lot II),185
verdeelkamer nabezinktank 1/2 & 3 (deelwerk 4),55
leuningen trappen en roosters,68
interventie AQUAFIN,219
slibbuffertanks (deelwerk 5),73
staalstruktuur met trap en bordessen,85
pompenkelder slibbehandeling (deelwerk 6),90
voeding indikker (deelwerk 7),105
SWA-lijn  (deelwerk 8),116
nieuw bordes en tapstructuur,128
beluchtingstank 1 (deelwerk 9),134
blowerleiding (in volle grond),140
leuningen,141
leveren en plaatsen meng en meettoestellen,145
costrueren aanzuigkoker,147
"influentgoot na zandvanger, selektortank en anoxische reactor 1 (deelwerk 10)",149
influentgoten,150
vernieuwen trapstruktuur,153
selektortank,155
"plaatsen nieuwe loopbruggen, trappen, leuningen,..",160
werken EM,218
anoxisch bekken 1,165
"leuningen, loopbruggen en trappen",171
RWA-vijzels: 250l/s via bestaande RBT1/2 (=VBT); 500l/s via nieuwe SWA-overstort,177
anoxische reactor 2 (deelwerk 11),178
"loopbruggen, trappen en leuningen",184
beluchtingstank 2 en beluchtingsreactor 3 (deelwerk 12),189
"verwijderen looproosters, bordessen, trappen en leuningen",190
maken doorstroomopening (1 naar 2),191
afdichten bestaande verbindingsleiding (dia 400),192
aanleggen procesleiding (dia 1200) (2 naar 3),193
creëren geleidingswanden in reactor 3 en doorvoeren interne recirculatie,194
vullingsbeton,215
blowerleiding,196
sokkels voor blowergroep,197
"nieuwe leuningen, loopbruggen en trappen",198
plaatsen waterdichte wand (beluchting 1en 2/ deelwerk 13),199
demontage bestaande EM-uitrusting,201
"leveren en plaatsen(BB2): schotbalken, wandafsluiter,meng en meettoestellen, beluchtingssysteem,...",202
"leveren en plaatsen(BR3): voorstuwers,beluchtingssysteem",203
meettoestellen,204
optrekken overstortrand,205
revisie steekschuiven,206
FeCl³-doseerleiding,207
electriciteit: kabels en lokale borden,208
RWA-vijzels: 500l/s ;afvoer via de SWA-afvoergoot; DWA-vijzels: 250l/s ..(voorlopig vlottende puntbeluchters),210
beluchtingsreactor 4 (deelwerk 13),211
verwijderen looproosters,212
maken doorstroomopening,213
maken van geleidingswand,214
doorvoeren interne recirculatie leidingen,216
"plaatsen leuningen, looproosters en trappen",217
Wegeniswerken en afwerking,220
Brussels Finance Tower,0
Koningstraat,1
Werfinstallatie,2
Verdiep +3,752
Verdiep +4,753
Verdiep +7,756
Verdiep +8,757
Verdiep +9,758
Verdiep +10,17
Verdiep +2,18
Verdiep +1,19
Verdiep glk,20
Buitentrappen (2 fazen),21
Gevels inbegrepen natuursteen (start = landmeter),765
Gevels Wind & waterdicht +3 t/m +10,764
Technisch lokaal +10,45
Metselwerk,46
HVAC Groepen,48
Dakdichting,49
Balkons : wachtslabben,50
Boven Schachten,52
"Metselwerk, helling, dampscherm, slabben",53
Renigingsmachine,57
Metselwerk (behalve gaslokaal),58
Chapes,62
Vloeren & faience,63
Tapijt,65
Smeedwerk,66
Verdiep +5,754
Verdiep +6,755
Verdiep  +10,759
Technische lokaal +10,760
Verdiep  +2,761
Verdiep  +1,762
Verdiep  glk,763
Liften,293
Goederenlift KGL1,743
Personenliften KPL1-4,747
KPL 1,748
KPL 2,749
KPL 3,750
KPL 4,751
Kitchen Tower Anderlecht,0
TE ONTVANGEN PLANNEN GOED VOOR UITVOERING:               $,9
BETON EN WAPENING KELDER WANDEN + PLAAT BOVEN KELDER,14
"BETON EN WAPENING PLAAT BOVEN  GLVL , +1 ,+2, +3, +4",15
"BETON EN WAPENING PLAAT BOVEN  GLVL , +5 ,+6, +7, +8",16
"BETON EN WAPENING PLAAT BOVEN  GLVL , +9 ,+10, +11, +12, +13 , DAKPLAN",17
RUWBOUW BETONWERKEN                                                        $$,18
BETON KELDER,19
WAPENING FUNDERINGSPLAAT KELDER,27
PREFABBETON KOKERWANDEN,38
STUDIE EN PLANNEN VOORLEGGEN + VOORLEGGEN STALEN IN GETINTE BETON,39
PRODUCTIE DEUVELKOPPELPLATEN,40
BETON GELIJKVLOERS,43
BETON EERSTE VERDIEPING,59
BETON TWEEDE VERDIEPING,75
BETON DERDE VERDIEPING,91
BETON VIERDE VERDIEPING,107
BETON VIJFDE VERDIEPING,123
BETON ZESDE VERDIEPING,139
BETON ZEVENDE VERDIEPING,155
BETON ACHTSTE VERDIEPING,171
BETON NEGENDE VERDIEPING,187
BETON TIENDE VERDIEPING,203
BETON ELFDE  VERDIEPING,219
BETON TWAALFDE  VERDIEPING,235
BETON DERTIENDE VERDIEPING,251
BETON VEERTIENDE DAKVERDIEPING,267
PET Packaging,0
WP1,6
WP2,11
WP3,16
WP4,20
WP5,24
WP6,31
6.1,25
6.2,26
6.3,27
6.4,28
6.5A,29
6.5B,35
6.6,30
WP7,34
7.1,32
7.2,33
Government Office Building,0
grondwerken en fundering ondergrondse werken,468
100 ruwbouw,436
18 radier,416
150 dak,438
301 dakwerken,437
180 gevel,440
311 gordijngevel,439
205 gelijkvloers,441
210 eerste verdieping,442
220 tweede verdieping,443
230 derde verdieping,444
sanitaire wanden,204
240 vierde verdieping,445
250 vijfde verdieping,446
260 zesde verdieping,447
270 zevende verdieping,448
280 achtste verdieping,449
290 negende verdieping,450
300 tiende verdieping,451
310 elfde verdieping,452
320 twaalfde verdieping,453
330 dertiende verdieping,454
340 veertiende verdieping,455
cv operationeel,409
testen en opleveringen,474
afregelen niveaus faze +2,472
opleveringen faze 2,473
Family Residence,0
Voegwerken,6
Kapconstructie,9
Buitenschrijnwerk,6
Schrijnwerk,17
Poort,20
Spuitplamuur,29
Bevloering en faiences,35
Elektriciteit afwerking,38
Trap gelijkvl. - 1°verdiep,45
MAP-trap,48
Keukenmeubilair,51
Badmeubel,54
Nutsleidingen,57
Timber House,0
Voorbereiding,20
Stelling,15
Isolatie,18
Technieken (eerste fase),21
Zinkwerken,27
Technieken tweede fase,46
Voorlopige oplevering,50
Oplevering,53
Urban Development Project,0
Voegwerk,3
Town Square,0
Halfondergrondse parking,12
Constructie PK (moot 1),11
Vloerplaat,217
Wanden/kolommen,134
Dakplaat,174
Constructie PK (moot 2),31
Betontalud,43
Constructie PK (moot 3),50
Constructie PK (moot 4),69
"Constructie PK (moot 5,6)",88
Constructie PK (moot 7),126
Constructie PK (uitrit),145
Wanden,169
Constructie PK (inrit),160
Afwerking parking - technieken,282
Elektriciteit en parkeerbeheersysteem,280
Waterpartij,284
Talud bekleding,291
Wegenis- en rioleringswerken,192
Fase 1,191
Fase 1.1,190
Fase 1.2,195
Fase 1.3,198
Fase 1.4,200
Fase 2,28
Fase 2.1,205
Fase 2.2,212
Fase 2.3,215
Fase 3,29
Fase 3.1,222
Fase 4,227
Fase 4.1,226
Fase 4.2,235
Fase 4.3,237
Fase 4.5,240
Fase 5 + 6,244
Fase 5.1,243
Fase 5.2,249
Fase 5.3,252
Fase 7,255
Fase 7.1,254
Fase 7.2,257
Fase 7.3,260
Pleinafwerking,262
Constructie,292
Promenade,297
Beschermbeton,298
Zitbanken,299
Bevestigingsprofielen glazen leuningen,300
Glazen leuningen,302
Plaatsen prefabtrappen,303
Bruggen + luifels,305
Straat A,308
Herstellen voetpad verharding aan bouwwerven,312
Busperrons,314
Plaatsen glas,318
Recreation Complex,0
Totale uitvoeringstermijn,2
WERFINRICHTING,3
WERKEN NIEUWE PARKEERZONE (ZONE P),7
AFBRAAKWERKEN,58
GRONDWERKEN,14
STABILITEIT,16
GRONDWERKEN EN FUNDERINGEN,17
SONDERINGEN,21
OPEN RUWBOUW ALGEMEEN,23
Liftput,163
Ruwbouw sporthal,188
Ruwbouw cafetaria,201
Dragend metselwerk nv 1,50
ARCHITECTUUR,57
RIOLERINGSNET,60
NATUURSTENEN EN BETON BEKLEDINGEN,65
SPORTHAL OPBOUW,221
CAFETARIA OPBOUW,233
DAKBEDEKKINGEN - resterende afdekkingen,75
DAKBEDEKKINGSTOEBEHOREN,77
BINNENSCHRIJNWERK,89
BEGLAZING EN SPIEGELS,92
IJZERWERK,94
DEMONTEERBARE WANDEN,97
BEPLEISTERINGEN EN GIPSKARTONPLATEN,100
VERLAAGDE PLAFONDS,102
DEKVLOEREN EN TOEBEHOREN,105
TEGELWERKEN,107
VLOERBEKLEDINGEN,110
MEUBILAIR,114
SCHILDERWERKEN,117
DIVERSE TOEBEHOREN,119
OMGEVINGSWERKEN,121
WERKEN THV TECHNISCH LOKAAL ZWEMBAD,130
TECHNIEKEN,136
SANITAIR / BRANDBESTRIJDING,137
ELEKTRICITEIT,145
LIFTEN,149
TESTEN,152
EINDE VAN DE WERKEN EN OPLEVERING,156
Young Cattle Barn,0
Bijkomende sloopwerken,4
Office Finishing Works (1),0
Office Finishing Works (2),0
Office Finishing Works (3),0
MEERWERK,17
Office Finishing Works (4),0
Meerwerken 1,10
meerwerken 2,11
Office Finishing Works (5),0
MEERWERKEN,23
Mixed-used Building,0
Mixed-use Building,1
Dates clés contractuelles,6
Date clé 1,2
Date clé 2,3
Date clé 3,4
Date clé 4,5
Dates clés suivant planning,11
Délais contractuel,66
Grue,19
Batiment,65
Gros oeuvre,39
Sous-sols,25
Hors sol,38
Maçonneries intérieures,42
Techniques,46
Toitures,50
Façades,54
Parachèvements,60
Playing Cards,0
Organizational Development,0
Department A,85
Department B,86
Department C,87
Department D,88
Department E,89
Department F,90
Department G,91
Department H,92
Department I,93
Department J,106
Department K,94
Department L,95
Department M,96
Department N,97
Department O,98
Compressor Station Zelzate,0
Apartment Building (1),0
Apartment Building (2),0
Apartment Building (3),0
Apartment Building (4),0
Algemeen,40
Verdiepingen (6),41
Gelijkvloers,42
Young Cattle Barn (2),0
omleggen elektrische kabel,3
betonnen binnenwanden,13
Dakstructuur,16
Elektrische windzeilen,22
Railway Station (1),0
Grondwerken en infrastructuur-zone B,49
test uitvoering talud,3
afbraakwerken (deel 2),32
verankering talud 3de niveau,18
beton bescherming talud - 3de niv,39
uitvoering inspectieput,45
zuiverheidsbeton,46
ontdubbelde vloerplaat -1,22
kolommen staal overspanning 1,23
kolommen staal overspanning 2,24
Grondwerken en infrastructuur-zone C,50
verankering talud - 3de niv,38
ontdubbelde vloerplaat,47
kolommen staal,131
Grondwerken en infrastructuur-zone D,69
diepe fundering 2,60
Bufferbekken onder,63
Bufferbekken midden,64
verplatsing doorgang reizigers,65
funderingszolen,66
bufferbekken,67
beschoeiing achter lift,68
Superstructuur-zone B,87
plaatsing kolommen staal-overspanning 1,79
plaatsing kolommen staal-overspanning 2,80
opstorten vloerplaat,82
ontkisten 1,83
ontkisten 2,84
ontkisten 3,85
ontkisten 4,86
Superstructuur-zone C,115
uitvoering structuur groot overspanning 2,90
structurele afwerking groot overspanning 2,92
opstorten vloerplaat na naspanning,132
opstorten vloerplaat na aanspanning,105
opstorten vloerplaat na plaatsing kolommen,107
dichtstellen openingen vloerplaat boven -1,108
verplaatsing doorgang reizigers,109
ontkisten 5,111
ontkisten 7,112
ontkisten 6,113
ontkisten 8,114
Superstructuur-zone D,135
Plaatsing HS kabel,133
montage bekisting,134
KOK A,150
regenwater afvoer,177
voorbereiding perron,142
integratie speciale technieken,143
kolommen staalstructuur,159
structuur levenslijn,186
start inrichting bovenleiding spoor,189
ophangconstructie voor bovenleiding,190
ophangconstructie voor toestellen perron,197
bekleding onderkant staalstructuur,164
KOK B,165
integrateie speciale technieken in structuur,157
beglazing gevel,158
GOK,280
diepe fundering kolommen gevel,171
funderingszolen kolommen gevel,172
kolommen gevel,173
ontrokingskoker langs gevel,174
slibvanger langs gevel,175
voorlopige aansluiting riolering,176
integratie speciale technieken in structuur,178
Gevelbekleding metaal,179
integratie elec in gevel,180
beplanting onderkant dakstructuur,181
bekledingen staalstructuur,182
onderhoud en veiligheidsuitrusting - structuur,183
elektrische voorzieningen op dak,184
extractoren en wateraanvoer op dak,185
Onderhoud en veiligheidsuitrusting - toebehoren,187
voorlopige trap toegang perron,188
Herstellingen staalstructuur 1,191
herstellingen staalstructuur 2,192
Herstellingen staalstructuur 3,193
herstellingen staalstructuur 4,194
herstellingen staalstructuur,195
Bekabeling in portieken,196
Paaltjes bovendaks,198
Superstructuur-zone A,227
Beschoeiing onderstation,207
Verankering keermuur onderstation,208
Keerwand onderstation,209
Vloerplaat onderstation,210
Wanden onderstation,211
Vloerplaat +x onderstation,212
Structuur spoor boven onderstation,213
profielen voor beschoeiing,214
Afbraak en grondwerk (fase 1),215
Verankering beschoeiing,156
Keerwand (fase 1),218
Verwijderen verdeelprofielen + keerwand (fase 2),219
Vloerplaat & keermuur,220
Voorbereidende afbraakwerken,221
Beschoeiing fase 1 tem niv verankering,222
Beschoeiing fase (fase 2),223
Afbraakwerken (fase 2),224
Dakplaat reservelokaal dienstperron,225
Beton kolommen,226
Industrial Complex (1),0
Funderingsbalken en aanpassingen,5
Bovenbouw A,17
Montage prefab,33
Ruwbouwwerken,52
Bovenbouw B,27
Bovenbouw C,38
Draagvloer gv,47
vloerplaat centrum,45
Regenwater afvoeren,50
RW deel 1,48
RW deel 2,49
Dakwerken deel 1,54
Dakwerken deel 2,58
hellingsbeton,55
dampscherm + isolatie + afwerking,56
Aanwerken aan bestaande toestand,57
Buitenschrijnwerk deel 1,61
Alu ramen,59
Buitenschrijnwerk deel 2,66
Planning afwerking,163
1e verdieping landscape links,80
Schacht,84
2e verdieping sanitair,92
1e verdieping sanitair,100
gv sanitair links,107
Gelijkvloers sanitair rechts,115
2e verdieping landscape rechts,129
1e verdieping landscape rechts,142
gv landscape rechts,155
overige delen gv,162
Apartment Building (5),0
Sanitair,152
Apartment Building (6),0
Family Residence (2),0
Industrial Complex (2),0
Voobereindende werken,6
Riolering + Parkings,13
Productiehal,39
Ruwbouwwerken + onder dak productiehal,26
Binnenafwerking productiehal,29
Gevelbekleding productiehal,33
Technieken productiehal,38
Elecktriciteit,37
Stockruimte,60
Ruwbouwwerken + onder dak stockruimte,51
Gevelbekledingen stockruimte,54
technieken stockruimte,59
Straalcabine,79
Ruwbouwwerken + straalcabine,67
Gevelbekledingen straalcabine,70
Technieken straalcabine,78
Funderingswerken kantoor,83
Ruwbouw kantoor niv 0,88
Ruwbouw kantoor niv +1,92
Gevelbekledingen kantoor,97
Dakwerken kantoor,102
Niv 0,123
Niv +1,142
Bestaande loods,161
Bestaande kantoren,162
Omgevingswerken,56
Buitenaanleg,165
Garden Center,0
Montagewerken,22
Voorlopige plint,1
sandwich laagbouw,3
dakdekking voorbereiding,4
start dakdekking,5
maken resterende doorvoerer,6
diverse dakdoorvoeren,7
Buitenwanden kantoor,19
Aanvullen en grondwerken,12
sandwichpanelen inkom,13
netten demonteren lage zone,14
beveiliging hoge dak,15
steeldeck hoogbouw-inkom,17
dakbedekking hoogbouw,18
regenwaterafvoer laagbouw,20
regenwaterafvoer hoogbouw,21
Wachtbuizen,23
metselwerken tellerlokaal,25
prefab bordessen,28
arduinen dorpels,38
atelier alu,39
Betonvloer,66
druklaag welfsels kelder,53
druklaag welfsels,62
binnenwand berging,65
Wegeniswerken achter,77
Afwerken groenzones,76
Wegeniswerken voor,91
herinrichting werf,80
plaatsing riolering,81
nutsleidingen fase 1,82
nutsleidingen fase 2,83
riolering bestrating,84
funderingskoffer,85
fijnniverllerinn funderingskoffer,86
klinkerverharding,87
asfaltverharding,88
herkwerken,89
afwerken groenzones,90
afbouw +2,115
gyprocwerken gvl,134
pleisterwerken betonblokken,117
gyprocwerken inkomzone,151
afbouw sanitaire ruimten,150
traphal afwerking,164
technieken onder dak,189
Railway Station (2),0
voorbereidende werken,13
nieuwe verlichting perron A,10
Fundering voor torenkraan,11
Installatie torenkraan,12
Zone 1,106
afbraakwerken luifel,16
aanpassing oprit toegang naar spoor,21
afbraak wegtunnel,23
Zone 2,131
eerste wand koker in perron volle grond,34
Afbraakwerken wegtunnel,40
Zone 3,159
Zone 4,64
voorlopige toegang perron A,60
beschoeiing aansluitend diensttunnel,61
Afbraakwerken wand en vloerplaat tramtunnel,63
Funderingen,21
Superstructuur,160
K1,100
K2,101
K3,102
K4,103
K5,104
perron op volle grond,105
K6,117
K7,118
K8,119
K9,120
K10,121
VP1 - VP GV tussen,122
VP2 - VP GV tussen 1,123
VP2 - VP GV tussen 2,124
VP2 - VP GV tussen 3,125
Voorzetwand langs lokaal,126
Vloerplaat boven voorzetwand (deel 2),127
Perron op volle grond - riolering en L-wanden,128
Trap wanden,129
Trap plaatsing prefab,130
K11,147
K12,148
K13,149
K14,150
K15,151
K16,152
Aanpassing toegang reizigers perron A,153
Plaatsing bekisting,154
Zolen en kolommen,155
VP3 - VP GV tussen,157
VP4 - VP GV tussen,158
Waterdichting,167
Infrastructuur,193
Structuur bufferbekken,168
Liftput 1,169
Liftput 2,170
Verwijdering ophanging VP aan brugdek,186
Onderschoeiing reizigerstunnel,187
VP5 - VP GV tussen,188
Funderingsmassieven en tech. putten,189
Spanning sankers,190
Waterdichting plaat GV,191
Betonplaat op waterdichting GV,192
Technische installaties,221
Installaties in techn lokalen,196
Technische installaties in bufferbekken,205
Plaatsing roltrap,209
Plaatsing glas kanten roltrap,210
Plaatsing structuur kanten roltrap,208
Metselwerk lokalen,211
Deuren voor technische lokalen,212
Trap 1 - perron C-D,213
Trap 2 - perron C-D,214
Aaanvulling en geo textiel,215
Leidingen en wachtbuizen aanvoer/afvoer,216
Waterdichting in bufferbekken,217
Sluitwand beton in roltrap,218
Integratie technieken in portiek,219
Plaatsing rolluik in portiek roltrap,220
Structuur levenslijn,327
Electrische installaties op dak,253
Extractoren op dak,254
Onderhoudsuitrusting gevel,255
Staalstructuur overkapping 1,256
Staalstructuur overkapping 2,257
Staalstructuur overkapping 3,258
Staalstructuur overkapping 4,259
Staalstructuur overkapping 5,260
Plaatsing standleidingen,328
Plaatsing overstorten,329
Profielen voor handgreep,263
Kaders voor beglazing lichtstraat,297
Waterdichting op perron,298
Perronboorden,331
Bekabeling in perronboorden,332
Afwerken handgreep,268
Staalstructuur gevel spoor C 1,269
Staalstructuur gevel spoor C 2,270
Vervolledigen waterdichting spoor D,271
Waterdichting en gietasfalt spoorbak,335
Afwerking schilderwerken overkapping,273
Tijdelijke structuur en afvoeren spoor D,274
tijdelijke dichting gevel spoor D,275
Onderhoudstoestellen gevel,276
Afwerking kopgevels,277
Afwerking waterdichting op perron,278
herstelling perronboorden,279
KOK A - perron C,306
Profielen ballustrades,296
Afwerking ballustrades,301
Beglazing lichtstraat,303
Afwerking glas zitbanken,304
Afwerking zitbanken,339
KOK A - perron B,314
KOK B - perron C,341
Waterdichting perron,330
Afwerken ballustrades,333
Integratie schouw voor technische lokaal,334
Afwerking voegen vloer,336
Afwerking beplating kolommen,337
Afwerking luifels en vleugels,338
Plaatsing afwerking schouw,340
KOK B - perron B,349
Accessoires,371
Beglaasde portieken GOK - kaders,356
Beglaasde portieken GOK - integratie elek.,357
Beglaasde portieken GOK - bekledingen,358
Beglaasde portieken GOK - beglazing,359
"Afstandbordjes, etc",360
Installatie en afwerking technieken perron,361
Oplossen opmerkingen ivm indienststelling,362
Afwerking spoorbak,363
Drainageleiding,364
Plaatsing buizen riolering,365
Omkasting brandweerkast,366
Belettering gevel,367
Omkasting brandbluskasten,368
Schermen en ophangingen bovenleiding,369
Akoestische cassetten,370
Tax Return System (1),0
supporting tasks,28
design,22
development,33
development - DWH,9
test,24
implementation,35
execution,18
Staff Authorization System,0
requirements,27
analysis,30
Premium Payment System,0
development - impact op andere progs,42
test ict,53
test ict - preparation,49
Broker Account Conversion System,0
Supplementary Pensions Database,0
build,184
ict test,25
post implementation,36
post implementation - post go live support,26
FACTA System,0
Generic Document Output System,0
UAT,34
release handover,25
code freeze,26
Insurance Bundling System,0
project management,2
ondersteuning,94
Tax Return System (2),0
analyse,24
test ict & uat,27
Receipt Numbering System,0
development bugfixing,33
Policy Numbering System,0
Investment Product (1),0
test ICT,28
Risk Profile Questionnaire,0
uat,37
Investment Product (2),0
begunstigingsclausules bank,50
elektronische handtekening,51
CRM System,0
uat - test execution support,38
Beer Tasting,0
briefing,21
voorbereiding,31
degustatie vrijdag,32
degustatie zaterdag,33
afsluiting,35
Debt Collection System,0
define,9
project charter set,266
project charter - communication and validation,267
blueprint set,15
functional analysis List/file creation,10
functional analysis Monitoring,11
functional analysis Interfacing,12
architecture analysis,13
design phase - validations,21
business validation,19
weekly file,174
monthly file,175
authorization check,83
send DMS file via e-mail,178
duplicates,85
current saldo,86
BRM,88
account statement,87
monitoring and reporting,173
list,176
migration program,177
feedback,179
performance report,180
preparation IT test strategy,181
preparation core,161
preparation migration,162
preparation interfacing,165
preparation reporting,164
service preparation,256
service manual draft,166
SDM validation,167
TCS validation,168
build phase - validation,183
SCM validation,244
information security validation,171
implement,260
certificates,250
certificates on production,186
integration testing release 1,251
integration testing release 2,252
p2p testing,253
business acceptance testing release 1,254
part 2 - interface,217
part 3 - reporting,218
business acceptance testing release 2,255
SLA review,227
service budget agreement,228
production handbook,229
service manual,242
CIO validation,232
go-no go meeting,257
formal validation,233
deploy on production,258
go live,234
PIN testing IT,235
PIN testing business,236
validation,259
steerco validation,237
close,265
hand-over preparation,261
blueprint as built,240
technical design as built,241
hand-over,262
CMDB check,243
project evaluation,263
customer satisfaction survey,245
project team briefing,246
suppliers evaluation,247
close phase,264
program manager validation,248
end of project,249
Railway Station Antwerp,0
zaal Andries,3
aanpassing magazijn B-MO niv. +0,10
schilderwerken,6
overige werken,9
travel center,12
herstellingswerken restaurant,14
portiersloge,16
lok. 211,22
renovatie toiletten VOO +1,29
Website Tennis Vlaanderen,0
aanvang,28
start implementatie project,1
project management plan inclusief acceptatiecriteria,2
detaillering,29
volledige oplevering HIG,6
bouw,35
installatie en algemene opzet,7
sprints naar release 1,30
transitie (tussentijds),31
installatie PROD-server,15
start authoring door klant (alleen site),16
vervollediging naar release voor go live,32
sprints naar release after go live,33
testfase,24
rework,25
productie,37
uiterste deadline - officiële voorstelling,36
Fire Station,0
Social Apartments Ypres (1),0
rioleringswerken,3
regenputten,4
afwerking dakverdichting,21
andere afwerkingen,24
venstertabletten + faience,30
sanitair,31
tegels buiten,36
plaatsen brievenbussen,37
plaatsen afsluiting,38
fietsrekken,39
afwerking omgevingswerken,40
Social Apartments Ypres (2),0
gevelbekleding,11
buitenafsluiting,26
brievenbussen,27
fietsenrekken,28
Social Apartments Ypres (3),0
aanvraag verslag Bom.be,2
montage kraan,8
binnenzetten bouwmaterialen,24
verwarming helling,15
helling - vloer en wanden,16
lift,45
datum contract zonder VAA,48
in orde brengen punten voor voorlopige oplevering,49
oplevering contract + VAA-1-43 KD,50
buitenaanleg - bouwheer,51
IJzertoren Memorial Square,0
Roadworks Poperinge,0
Retirement Apartments,0
technische installaties,11
uitrusting,12
Railway Bridge (1),0
Voorbereiding afbraak,7
Uitvoering paalfunderingen zijde A,10
1e fase brug,27
2e fase brug,28
3e fase brug,29
Railway Bridge (2),0
Voorbereidende studie,1
Uitvoeren van funderingsbalken,24
LH spoor A,7
Brug fase 1,25
Brug fase 2,26
Brug fase 3,27
Afwerkingen,23
Railway Bridge (3),0
Uitgraving bouwputten + aanvullingen,2
Paalfundering kant spoor A,4
Funderingszool A,10
Aanvoer en monteren boogbrug,11
Railway Bridge (4),0
Railway Bridge (5),0
Boog fase 1,33
Boog fase 2,34
Defense Building,0
Validation Master Plan,6
Plaatsen toevoerleiding vanuit verd -1 naar verd +1,13
Kabels naar bord verd -2,21
Plaatsen leidingen,31
Kabelgoten,30
Beloopbaar verlaagd plafond Cleanroom,52
Verlaagde plafonds,54
Plaatsen sokkels meubilair,62
Plaatsen tabletten,81
Shopping Village Walkways,0
Site accomodation,123
Paving,136
Zone A,124
Zone B,125
Zone C,126
Zone D,127
Zone E,128
Zone F,129
Zone G,130
Zone H,131
Zone I,132
Zone J,133
Snagging,134
Handover,135
SCM System,0
Phase 1: Global Analysis and Analysis Early Validation,128
Analyse DRP for Early Validation (incl. deployment engine),8
Minimum implementation needed for Early Validation,135
Model integration,148
Build basic DRP model (only pushing demand from DC to plant + manual planning),132
Build Master Planning model for Early validation (no campaigns),133
Phase 3: Full Implementation of DRP and Master Planning,129
Analyse DRP and Master Planing,136
Implement Integration,137
Model integration from DRP,145
Model integration from Master Planning,144
Implement Order Allocation,138
Implement DRP for complete US Market,139
Complete Implemention Master Planning GO LIVE 1,140
Implement Master Planning GO LIVE 2,141
Implement Master Planning GO LIVE 3,142
Phase 4: Implementation of S&OP Planning,130
Analysis of S&OP Planning,152
Implementation of S&OP Planning,153
Data Loss Prevention System,0
Milestones,120
MS Start specific design,4
MS testing start,5
MS testing end,6
MS Deployment start,7
MS Deployment end,8
A. DLP Strategy,121
DLP Strategy Document writing,130
B. High level implementation plan,122
HL Implementation plan Document writing,132
D. Technical directives,123
Technical directives Document writing,134
Rule set v1,43
C. High Level Solution Design for Data Tagging and Information Classification,124
DLP Data tagging HL Solution Document writing,136
H. Migration Strategy and a high level Implementation Package,125
Migration Strategy Document writing,138
H.2 Installation guide,69
H.5 Uninstallation guide,79
E. DLP Control and Enforcement,126
E.1 Comparion systems,90
F. Centralized Management and Monitoring Architecture for DLP,127
Mgt & Monitoring Architecture  Document writing,139
Mgt & Monitoring Architecture Document writing,140
G. High Level Solution for Network based DLP,128
HL Solution for NW based DLP Document writing,142
Biofuel Refinery,0
Tie-inns,10
Residential House (1),0
Binnenafwerking,54
Residential House (2),0
Residential House (3),0
Restklasse,57
Residential House (4),0
Residential House Structural Work,0
Residential House Finishing Works (1),0
Start uitv afwerking,27
Finale Afwerking,30
Residential House Finishing Works (2),0
Residential House Finishing Works (3),0
Finale afwerking,30
Residential House Finishing Works (4),0
Residential House Finishing Works (5),0
Residential House Finishing Works (6),0
Residential House Finishing Works (7),0
Residential House Finishing Works (8),0
Residential House Finishing Works (9),0
Residential House Finishing Works (10),0
Residential House Finishing Works (11),0
Apartment Building Foundations,0
Voorbereidende werken,21
"Afbraak, realisatie bouwput en beschoeiing",24
sloopwerken,22
"Grondwerken, beschoeiing en funderingspalen",23
Apartment Building Structural Work (1),0
Apartment Building Structural Work (2),0
betonstructuur blok A gelijkvloers,20
betonstructuur blok A nivo +1,21
betonstructuur blok A nivo +2,22
betonstructuur blok A nivo +3,23
Apartment Building Structural Work (3),0
betonstructuur blok B gelijkvloers,24
betonstructuur blok B nivo +1,25
betonstructuur blok B nivo +2,26
betonstructuur blok B nivo +3,27
Apartment Building Finishing Works (1),0
gelijkvloers blok A,24
nivo +1 blok A,25
Apartment Building Finishing Works (2),0
nivo +2 blok A,23
nivo +3 blok A,24
Apartment Building Finishing Works (3),0
gelijkvloers blok B,25
nivo +1 blok B,26
Apartment Building Finishing Works (4),0
nivo +2 blok B,24
nivo +3 blok B,25
PROJECT LEPELSTRAAT,0
maken compromis aankoop grond met 1 of meerdere huizen,1
Aanvraag plannen architect,2
Wachten op plannen appartementen door architect,3
aanvragen stedenbouwkundige vergunning ,4
Wachten op goedkeuring vergunning,5
aanstellen EPB verslaggever,6
aankoop grond ,7
betalen kosten notaris,8
"afkoppelen nutsvoorzieningen (telefoon, elektriciteit, water, gas)",9
aanvragen verkeersverbod voor sloopwerken + akkoord,10
Inrichten werf,11
slopen gebouwen en bijgebouwen,12
sondering bodem,13
uitgraven funderingsgleuven voor appartement en garages + afvoer grond,14
plaatsen aardingslus,15
storten betonnen funderingsgleuven,16
plaatsen pvc riolerings en afwateringsbuizen + buizen nutsvoorzieningen (app + garages)(rioleringswerken),17
opmetselen vorstrand + aanvullen met gewassen zand,18
plaatsen van bewapeningsnetten,19
gieten van betonnen vloerplaat,20
opmetselen binnenmuren appartementen gelijkvloers en de garages,21
plaatsen gewelven gelijkvloers en garages,22
plaatsen bewapening vloerplaat eerste verdiep + gieten beton,23
metsen van binnenmuren eerste verdiep ,24
plaatsen gewelven eerste verdiep,25
plaatsen van gevelelementen + dakbalkons met bovenbewapening,26
plaatsen bewapening en gieten betonnen gewelven tweede verdiep,27
inbinden balken,28
bekisting + bewapening betonnen trappen + storten beton voor trap,29
opmetsen borstwering tweede verdiep ,30
gieten van bewapende ring balk,31
plaatsen van houten koppelkepers als modellen voor de binnenmuren en puntgevels (deel dakconstructie),32
opmetsen resterende muren tweede verdiep en puntgevels ,33
plaatsen metalen I-profielen (waar nodig),34
plaatsen spouwisolatie 140mm aan buitenzijde gebouw tegen binnenmuren (voorzien van de nodige spouwankers) getaped,35
dichtkleven van de isolatie,36
plaatsen opgaand metselwerk aan buitenzijde gebouw,37
plaatsen opgaand metselwerk aan gebouw deel 2 en  garages ,38
aanbrengen van isolatieplaten op de platforms en platte daken van appartementen en de garages,39
plaatsen van EPDM dakbedekking op de appartementen en de garages en platforms voorzien van de nodige dakranden,40
plaatsen dakconstructie,41
plaatsen van de reeds opgementen blauwe hardsteen (raamdorpels),42
plaatsen dakgoten en aflopen,43
plaatsen onderdak + inwerken van dakvlakvensters,44
dichtleggen dakconstructie met nodige gevel- en nokpannen,45
"dak doorvoeren (voor ventillatie, verluchting en liftkoker)",46
CV doorvoer,47
slijpen nutsvoorzieningen (water gas elektriciteit) in alle app,48
boren gaten in betonnen plafond voor plaatsen van spots (indien van toepassing),49
"leveren en plaatsen van buitenschrijnwerk (hout, alu of pvc) (ramen deuren)",50
"leggen sanitaire buizen, afwatering bad water en toilet",51
leggen elektriciteit,52
leggen van ventillatiekanalen,53
plaasten van PUR (16cm) ondervloeren op het gelijkvloers en PUR(16cm) akoestiek op de verdiepen,54
plaatsen van leidingen voor vloerverwarming,55
aanbrengen chappe (80mm - bewapend en voorzien van bijpassend product voor vloerverwarming en randuitzettingsvoeg),56
plaatsen lift,57
distributienetwerk: ondergrondse aansluitingen (water gas elektriciteit) + plaatsen tellers,58
isoleren van het dakgebindte met 220 mm mineraalwol voorzien van dampscherm,59
aanbrengen van latwerk voor later aan te brengen G-plat,60
plaatsen OSB platen op de zolder,61
verder plaatsen van bedrading verlichting voor het dakgeheel,62
plaatsen G-plat op het bestaande latwerk ,63
uitwerken velux,64
aftapen van de chappe in alle ruimtes,65
pleisterwerken (binnenmuren),66
pleisterwerken (plafonds and G-plat),67
bevloeringswerken,68
plaatsen douchebakken en/of ligbaden,69
plaatsen muurtegels in badkamers en toiletten,70
"plaatsen sanitaire toestellen: CV ketel, toilet uitgietbakken",71
plaatsen schakelaars elektriciteit ,72
plaatsen ventillatie-units,73
bekleden traptreden met keramische tegels,74
plaatsen keukens,75
plaatsen badkamermeubels,76
plaatsen binnendeuren,77
aansluiten plinten tegen de binnendeuren en keuken,78
plaatsen van balkonleuningen,79
plaatsen trapleuningen,80
schilderen gemeenschappelijke delen,81
voegwerken gevelsteen + elastische voeg tussen ramen en metselwerk,82
opkuis werf,83
oplevering met architect,84
afleveren ASS BUILD dossier van EPB verslaggever,85
heraanleg stoep (voetpad) +buitenaanleg,86
PROJECT SOCIAL HOUSING,0
Buitenriolering ,2
Daktimmer,3
dakisolatie,5
Aansluiting watermaatschappij,7
Pleisterwerken,8
Chape fase1 (2woningen),9
Chape fase2 (3woningen),10
Technieken voor chape fase1,11
Technieken voor chape fase2,12
afwerking technieken sanitair / elektriciteit,13
vloer en tegelwerken,14
"binnenschrijnwerk (deuren, trappen, keukens)",15
buitenaanleg,16
"afwerken diversen (fietsenstalling, afwerking
 buitenschrijnwerk, brievenbussen, …)",17
oplevering,33
PROJECT Nuclear Healthcare,0
Fase 1 Voorontwerp,1
Fase 2 opmaak ontwerp &amp; studie,2
schriftelijke goedkeuring opstarten aanbesteding,3
Fase 3 opmaak bouwvergunningsdossier,4
indienen bouwvergunning en wachten op goedkeuring,5
opstellen lastencohier,6
opmaak dossier,7
goedkeuring dossier,8
publicatie,9
indieningstermijn,10
opening,11
Fase 4 onderzoek offertes,12
opmaak verslag,13
goedkeuring RC,14
indienen RvB,15
goedkeuring RvB,16
standstill,17
bestelling,18
pre-FASE: afbraakwerken/leegmaken lokalen,38
voorafgaand leegmaken locatie + afbraakwerken,19
Fase 0 : SPECT/CT 3,39
inrichtingswerken,20
opkuis en reserve,32
ingebruikname,26
FASE 1: inrichtingswerken afdeling,40
uitvoering fase 1 (0P8),23
levering en plaatsing PET/CT 2,24
FASE 2 : inrichting technische ruimte -1P8,41
installatie PETC/CT 1 op 0P8,27
indienststelling PET/CT 1,28
uitbraakwerken,29
uitvoering fase 2 ),30
"aanpassingswerken, regeling en testen 0P8",31
PROJECT FUEL TANK FILTER,0
Research &amp; pre-design study P87,1
Research &amp; pre-design study P84 /P1UO,2
"Echange documentaire PSA (Responsibility matrix, CD price, Fete 43, 45 and 46)",3
P84/P1UO,18
Instal blow mold tool diesel,4
Instal welding line P84,5
Assembly line Sochaux,6
P87,19
Blow mold tool diesel,7
Instal welding line P87,8
Assembly line Rennes,9
Visual Design &amp; Engineer P84/P1UO,10
Visual Design &amp; Engineer P87,11
Blow mold &amp; Welding line equipment for P84/P1UO,12
PRSEL validation P84/P1UO,13
Blow mold &amp; Welding line equipment for P87,14
PRSEL validation P87,15
PROJECT Production Line Change,0
Design,1
Refueling Test P8X,26
Definition of 2D and 3D for prototypes for P8X,2
Prototype components assembly &amp; refueling test for P8X,3
Refueling Test P1UO,27
Definition of 2D and 3D for prototypes for P1UO,4
Prototype components assembly &amp; refueling test for P1UO,5
Produce Filler Pipe Blow molds P8x,6
Produce Filler Pipe Calibrations P8x,7
Produce Filler Pipe Blow mold P1UO,8
Produce Filler Pipe Calibration P1UO,9
Filler pipe Welding/assembly machine Liberec,10
Modification Welding lines Lokeren ‚6D,11
Modification ROV web assembly station Lokeren ‚6D (FETE 51),12
Mariage welder Rennes,13
Modification assembly line Rennes,14
Modification Leak Tester Rennes,15
Mariage welder Sochaux ‚6D,16
Modification assembly line Sochaux ‚6D,17
Modification Leak Tester Sochaux ‚6D,18
Modification Sequencer and conveyors Sochaux ‚6D,19
Production for VRS P8x,20
Production for VRS P1UO,21
Production for homologation P8x,22
"Finalization of all test runs, design systems and go life",23
PROJECT GLUING MACHINE,0
PROJECT Labeling MACHINE,0
